;;abcdefghi@gmail.com;3478273851;
;;popovici-adelisio@libero.it;'+393479633150;
;;odoacre59@tim.it;3493317013;
;;lucifero05@virgilio.it;3494962230;
;;coluccia36@hotmail.com;3487377001;
;;cusin@libero.it;3473325248;
;;brun0p4@alice.it;3461692872;
;;corona28@alice.it;3485387973;
;;laurenti98@gmail.com;'+393480758349;
;;avellina.mane@alice.it;3462434502;
;;g3pp1n0.b4gn4t0@virgilio.it;3468301874;
;;filomarino.villa@gmail.com;3483083867;
;;abcdefghijklmn@tim.it;3498844130;
;;bianchino.quartarone@tim.it;'+393465842750;
;;concettino-cagnotti@libero.it;'+393456860992;
;;baldino.karim@gmail.com;3496849881;
;;concettino-cagnotti@libero.it;3499949323;
;;romani_bergonzo67@hotmail.com;3450011800;
;;yjyblnutqjdxlbd@yahoo.com;'+393471222586;
;;ivonetta04@alice.it;'+393490683964;
;;ddfwuvpcoixexeavttaf@alice.it;'+393499121185;
;;m4sgr1gn4@alice.it;'+393479232259;
;;glopez@gmail.com;3476615513;
;;evagrossi_pavia@tim.it;'+393487433185;
;;fosantoro@gmail.com;3499937154;
;;plagiorgetti@virgilio.it;'+393456063112;
;;glisente15@gmail.com;3475675294;
;;falina.barone@tim.it;3487387361;
;;ermano18@gmail.com;3455550336;
;;pr0gr3ss0-m3n4@tim.it;3473129640;
;;bernardido@hotmail.com;3487797401;
;;piranucci@alice.it;3456799178;
;;donatini37@gmail.com;3491492034;
;;esposito@tim.it;'+393463688372;
;;ro-cusin@yahoo.com;'+393469377148;
;;s-williams@gmail.com;3479096763;
;;gromala.liborio@yahoo.com;'+393458569921;
;;bra.minnella@hotmail.com;'+393472276939;
;;pr1m14bu0ngr4z10@hotmail.it;'+393477347392;
;;v-cauteruccio@libero.it;3483146992;
;;idillia-clesceri@hotmail.com;3486023511;
;;noyoikameuv@virgilio.it;3472569509;
;;gu-rudel@tim.it;3458677720;
;;cichon41@tim.it;'+393451684969;
;;loriano-pozzi@alice.it;3489363505;
;;o.michilli@hotmail.it;3478264430;
;;idalco-tosolini@alice.it;3464516071;
;;n-cichon@alice.it;3471640909;
;;tnvczcw@virgilio.it;3481060292;
;;impera57@virgilio.it;3493506909;
;;roldo06@hotmail.com;'+393484305206;
;;gnani98@yahoo.com;3478921862;
;;vi.pagano@libero.it;'+393477797166;
;;kjjgdfrmshh@tim.it;3491470587;
;;baronti62@alice.it;3480900006;
;;cagnotti90@yahoo.com;3451414002;
;;stazzone@tim.it;3487581788;
;;di_sipio92@libero.it;3495723920;
;;v1ll4n1f3bbr1n4@gmail.com;3450409882;
;;gianluigia67@tim.it;3462746146;
;;ciervorosello@hotmail.it;'+393479553619;
;;silvestre45@libero.it;3477174403;
;;orviano27@virgilio.it;'+393482155571;
;;fredesvinda46@yahoo.com;'+393453285193;
;;clara.tarozzi@virgilio.it;'+393463756856;
;;bemattioni@gmail.com;'+393465240050;
;;nu-n4p0l1t4n0@libero.it;3491835022;
;;europa-zavalloni@hotmail.it;3455002395;
;;odarda55@gmail.com;3474753507;
;;ug0l1n0m4r0cch1n1@virgilio.it;3462495992;
;;navarro93@virgilio.it;'+393458572314;
;;del_aguila_rosario.pervinca@alice.it;3467233276;
;;quendalinabazzocchi@libero.it;3456391539;
;;noyoikameuv@virgilio.it;'+393454729073;
;;mariola60@virgilio.it;3499733499;
;;cincinnato.casadei@yahoo.com;'+393498720223;
;;rcnqywhcvsnibhli@virgilio.it;3471286731;
;;miralda09@tim.it;3459602454;
;;frines.orlando@virgilio.it;'+393452444735;
;;contardino49@hotmail.it;3487416463;
;;soro28@yahoo.com;'+393473175367;
;;jgwcakaozlbfaxv@hotmail.com;3497734689;
;;raolomonsorno@hotmail.it;3456157429;
;;roaldo93@virgilio.it;3493342501;
;;ermano18@gmail.com;'+393463751266;
;;haji-christopher@tim.it;3480682453;
;;esta-serban@virgilio.it;3497115820;
;;david-barbieri@alice.it;3498113144;
;;att3nd0l1.c4@libero.it;3464046757;
;;mena.alfe@libero.it;'+393452296561;
;;salvatorino-burla@gmail.com;3458673922;
;;seri-riccarda@yahoo.com;3428980246;
;;fumagalli.qu@hotmail.com;3148949360;
;;erosbreni@virgilio.it;3676717269;
;;canginite@tim.it;'+39;
;;crjuoxru@libero.it;'+393839343549;
;;galli-bonarina@hotmail.it;3094890980;
;;teresina69@hotmail.com;3128147528;
;;fortunata.vannozzi@hotmail.com;3680633013;
;;vdfumw@virgilio.it;'+393003639013;
;;gennara15@tim.it;'+393855676083;
;;dorascenzi64@gmail.com;'+393233824643;
;;sffomk@yahoo.com;3561017601;
;;brunino34@yahoo.com;3506075650;
;;d.de_santis@hotmail.com;'+393738110086;
;;bellettinire@yahoo.com;3347008835;
;;ta-jaschke@yahoo.com;3109431734;
;;v-bragioto@tim.it;3084446225;
;;n3llucc14.d1_s4nt0@tim.it;3552619290;
;;n4.f0nt4n4@yahoo.com;3273293209;
;;apierucci@gmail.com;3136518689;
;;zgjpzueocjyhgj@hotmail.it;'+393566818363;
;;p4du4n0.4n4 r1t4@tim.it;3658084385;
;;ermentinotioni@yahoo.com;3480186310;
;;f.lesniewska@gmail.com;3464821183;
;;a.nuti@hotmail.com;3462262232;
;;abcdef@hotmail.it;'+393496477078;
;;aristidina67@hotmail.com;3463658638;
;;idolo-clementucci@alice.it;3463575822;
;;mercantiniwa@hotmail.com;'+393488223454;
;;gioiele46@hotmail.com;'+393472246566;
;;bianchino.quartarone@tim.it;3468710818;
;;rosildo-passitto@virgilio.it;3465378276;
;;c14rl4r13ll01s4b3ll0@virgilio.it;'+393450361702;
;;dorascenzi64@gmail.com;3452032034;
;;willelmo57@gmail.com;3462263255;
;;n4d1r14v4ld1n0s1@tim.it;3460182870;
;;andruccioli@libero.it;3457919388;
;;n3ttun0d1 l3n4@virgilio.it;'+393488556367;
;;yjyblnutqjdxlbd@yahoo.com;'+393471222586;
;;ivonetta04@alice.it;'+393490683964;
;;primina.torraca@hotmail.it;3498276081;
;;jagmin-l@libero.it;'+393465644350;
;;o.michilli@hotmail.it;3478264430;
;;procopio67@gmail.com;3497961699;
;;Pastore50@hotmail.it;3491525916;
;;c4ld1r0n10d3tt0@gmail.com;3471788299;
;;r3p4r4t0.0l1v4@yahoo.com;'+393466950239;
;;colle100@hotmail.it;'+393456133185;
;;aldemina23@libero.it;'+393494058159;
;;costa45@virgilio.it;'+393143696012;
;;lanconelli97@yahoo.com;3993867714;
bellino;;f1b3ll1n0@tim.it;3477680312;
caligiuri;;dimaio-paulo@hotmail.com;3467540628;
caligiuri;;dimaio-paulo@hotmail.com;3467540628;
bello;;redi14@virgilio.it;'+393480668823;
bello;;castelli41@libero.it;'+393480668823;
Zandoli;;marina.costa@alice.it;3468490726;
Zandoli;;europa-zavalloni@hotmail.it;'+393606561756;
Costa;;gentilede_santis@tim.it;3459838503;
Esposito;;ficajzeb@libero.it;3483594226;
Villani;;fe-karim@libero.it;3499077973;
Villani;;a.karim@gmail.com;3485766168;
Trombino;;d.de_santis@hotmail.com;3999569311;
siapian;palestina;fanola51@hotmail.it;'+393487486818;
;liviero;zi.pelo@tim.it;'+393455397400;
Franco;maruzzo;abcdefghi@virgilio.it;3492093161;
Costantini;;idalco-tosolini@alice.it;3464712724;
Battaglia;;moianov@tim.it;'+393476619062;
Iachini;;andri.pascucci@hotmail.it;'+393480479231;
Pellegrini;;vi.pagano@libero.it;3117819587;
Pellegrini;;carbone.w@tim.it;'+393176493890;
Pellegrini;;baldi34@tim.it;'+393474500058;
Gentilini;;allegrina-paolini@gmail.com;3489015449;
luzzi;adorando;fedelica.zenina@hotmail.it;3486410116;
fortini;argo;dipaolo-f@gmail.com;3477578286;
Moretti;;esu-campanella@alice.it;'+393451808005;
fraticelli;anastasia;maroncelli82@gmail.com;'+393450652177;
;giuffrida;nardino04@libero.it;'+393458010372;
quartarone;;marcuccia62@virgilio.it;3482852265;
;otelma;alfonza62@gmail.com;'+393495886265;
;otelma;alfonza62@gmail.com;3480313334;
caldironi;assuera;rovereto22@tim.it;3481066436;
caldironi;assuera;ma.capanna@virgilio.it;3462671706;
colle;;grebeneamarello@tim.it;'+393475246411;
covato;alfierina;edga-fusini@hotmail.com;3487330775;
covato;alfierina;abcdefghijklmnopq@virgilio.it;'+393482262035;
campana;adamo;e.serra@hotmail.it;3456703086;
boschi;lerio;mollica.p@hotmail.com;3455055264;
vella;florella;oranda65@tim.it;3389153655;
giura;;delfa13@hotmail.it;3463088211;
;menica;colomboallegro@libero.it;'+393497667398;
iacobelli;novelio;fe-marocchini@gmail.com;'+393483049924;
Santoro;fiordelice;dolciottiannachiara@hotmail.it;3916237868;
D'agapito;;wladimira.perrone@hotmail.it;3497758981;
Testa;Rimo;vinceslao82@libero.it;3485830362;
Paolini;;pr1m1ll0p4c3@yahoo.com;'+393452827069;
;Elettro;nP4c3@gmail.com;3483075757;
;Elettro;antoniuccio19@yahoo.com;3483075757;
piga;fenello;ma-boes@tim.it;3457760733;
latini;mirocle;gallia100@hotmail.com;'+393462762563;
;meschino;faustino.quartarone@alice.it;3462687433;
Vitali;romania;me.russo@tim.it;3458276654;
corrias;ion florin;abcdefgh@yahoo.com;3492244462;
;tilla;zaccaria.pa@hotmail.com;'+393492608724;
boschi;ellenia;guzmansoriano-salvadore@hotmail.it;'+393498173155;
boschi;ellenia;abcdefghijklmnopq@tim.it;3497373044;
;micuccia;conti.gi@tim.it;'+393483655816;
mauro;piermarco;germana-donati@libero.it;3468784243;
Orlando;;alge.alpi@alice.it;3468332516;
Agostini;ahmed;li-paglia@alice.it;'+393464038035;
;nuccia;mamone59@hotmail.it;'+393465240050;
Cirillo;;olemozito@alice.it;3476912785;
Sbreni;;halina30@libero.it;'+39;
;Halina;mauro70@yahoo.com;'+393483241225;
;Arbace;zurzolo.c@hotmail.it;3481557120;
;Eustacchio;nelda76@hotmail.com;'+393458878211;
Baldi;;navarro93@virgilio.it;3450544873;
;Elisabella;concettino-cagnotti@libero.it;3463729332;
Caporilli;;pr1m14bu0ngr4z10@hotmail.it;3453431867;
Caporilli;;pr1m14bu0ngr4z10@hotmail.it;3479258743;
Giuliani;;filimena84@yahoo.com;3496701109;
;Ferrara;rossi69@libero.it;'+393494859162;
;Ilaro;rosalio-vassura@yahoo.com;3464446059;
Vassura;;egea89@virgilio.it;'+393875095632;
Fumagalli;;ricciardino57@yahoo.com;3439718082;
Tiglio;Ormiste;ornina@yahoo.com;3464693535;
Pelo;Ornina;miliana-parisi@tim.it;'+393452749004;
;Pietronilla;agnello34@hotmail.com;'+393464697395;
;Pietronilla;flo-saccone@virgilio.it;'+393464697395;
Parisi;;corrias55@virgilio.it;3498266865;
Parisi;;felicit‡80@alice.it;'+393488525562;
Corrias;;felicit‡80@alice.it;3493804148;
Lattanzi;;mostefanovich@tim.it;'+393465644350;
Lattanzi;;fortunato-cattaneo@virgilio.it;3604741558;
Lattanzi;;fortunato-cattaneo@virgilio.it;3604741558;
Casali;;givalentini@gmail.com;3488196856;
Bernardi;Sofocle;pinella60@alice.it;3463404975;
Bellino;;roaldo93@virgilio.it;3479096763;
Bellino;;n4d1r14v4ld1n0s1@tim.it;'+393795679877;
Bellino;;modesta.pinna@hotmail.com;3479096763;
Guidi;;proteo09@libero.it;3467697645;
Guidi;;mirvana-di_paolo@gmail.com;3467697645;
;Mirvana;p4r4d1s1n0rm4nn4@hotmail.com;3559213930;
Proietti;;jwefvstictpche@yahoo.com;3477758883;
Sorgentone;;stelvia32@libero.it;3490048282;
Mucci;;navarro93@virgilio.it;'+393466993441;
Manchia;;giovanmaria57@hotmail.com;'+393341511293;
Anklin;;flera48@gmail.com;'+393466961000;
Piani;;e-costa@virgilio.it;3468838891;
Martino;;martino@libero.it;3495424767;
Barsanti;;barsantiala@hotmail.com;3451283739;
Nizzi;;valpurga61@hotmail.it;3402265957;
Colonna;;z4n3ll1m4nl10@hotmail.com;3119437132;
Carpi marasco;;gianettobragioto@libero.it;'+393461746078;
Carpi marasco;;zito41@tim.it;'+39;
Fazi;;rizzi53@virgilio.it;3966107362;
Grasso;;toso99@tim.it;3778384347;
Vitale;;Gr4ss1-v13r0@hotmail.it;3486058224;
Fassbender;;m4sgr1gn4@alice.it;'+393701791477;
Capitani;;redento12@yahoo.com;'+393966136840;
Pia;;ageadonati@hotmail.it;3726373559;
Donati;;baldiando@alice.it;3233544188;
;Ramira;baldiando@alice.it;3741928955;
;Ramira;ermelino13@alice.it;3741928955;
;Licena;pellegrini19@libero.it;3945490136;
;Licena;peppinettodiamantini@libero.it;3945490136;
Gentile;;liberio57@yahoo.com;'+393451786551;
Gentile;;olecca@tim.it;'+393498310564;
;Marinello;marinellodi_tuoro@libero.it;3084153581;
Bianco;;c.B14nc0@hotmail.com;3476132350;
Piras;;villermo89@virgilio.it;3480062811;
;Quiro;qupinna@gmail.com;3313588640;
di menna;;baldinotti.galeana@alice.it;'+393475108634;
di menna;;caniglia.assu@virgilio.it;'+393475108634;
Volpe;;antonillo30@hotmail.it;3485352428;
rosata;zeno;no-lopez@yahoo.com;3481010444;
rosata;zeno;no-lopez@yahoo.com;3483224340;
;clarita;alfano37@gmail.com;3470461811;
fiordigigli;odone;alfano37@gmail.com;'+393457252458;
;sperandeo;veneziano73@alice.it;'+393465462510;
guzman soriano;;veneziano73@alice.it;3473707128;
piani;alghero;edda82@hotmail.it;3476454472;
;anselmo;abra.bernardi@virgilio.it;3467018445;
la bella;gislena;vonoppen.c@tim.it;3498415636;
;floreana;vonoppen.c@tim.it;3473346783;
;floreana;r3-s3tt3mbr1n1@tim.it;3473346783;
antosh;mariola;verdiano28@virgilio.it;3284263044;
Meloni;;corinna53@libero.it;3697046379;
Meloni;;orsoarena@hotmail.com;3428747251;
Arena;;rufino-palumbo@yahoo.com;3697046379;
giurgola;;cicconi@virgilio.it;'+393492403623;
minelli;;c3ls1n4m0h4mm3d@libero.it;3464057166;
pracucci;;abcdefghijklmnopqr@libero.it;'+393466105693;
de sterlich;;isotta63@gmail.com;3466347784;
de sterlich;;nuta83@hotmail.com;'+393476983530;
;tilda;riga37@virgilio.it;3464180064;
Agostini;veneziano;0st1l10-t10n1@alice.it;3479835453;
;romana;p3tr0-m4m0n3@yahoo.com;3450999088;
kovacs;;eddo87@hotmail.com;'+393462069763;
abu;;p1.l3cc4@tim.it;'+393497054273;
abu;;0r1-l3cc4@libero.it;3480064710;
carullo;rediano;f.b0n0m0@gmail.com;3476785814;
carullo;rediano;g3nz1n4c0rr4r3tt1@hotmail.it;3476785814;
bonomo;foliano;m3.p4tw4ry@hotmail.com;3479063409;
piro;astolfo;l4ur4n4-c3r4ld1@virgilio.it;'+393495175257;
patwary;melino;0l1v3ll1-0r0@hotmail.it;3467904298;
papaleo;gallo;olalia73@alice.it;3488514339;
olivelli;oronte;olga@tim.it;3492317492;
lucani;emmo;tiglio86@gmail.com;3484089775;
lucani;emmo;tiglio@gmail.com;3484089775;
Valentini;rineo;l1.l4ur3nt1@libero.it;'+393453817638;
cauteruccio;amos;r3-l4ur3nt1@tim.it;'+393460532541;
cauteruccio;amos;titino77@alice.it;'+393460532541;
grande;;titino77@alice.it;3473504109;
marano;maril˘;socrate@libero.it;3493556272;
dolciotti;;3ld0-d0lc10tt1@yahoo.com;3475461626;
gatti;ortilia;Agostini78@yahoo.com;3480100509;
;ciliberto;Agostini78@yahoo.com;3470530585;
medda;galdina;f4n1ll4.m4hu@yahoo.com;'+393457190119;
medda;galdina;f4n1ll4.m4hu@yahoo.com;'+393454238754;
;clementina;f4n1ll4.m4hu@yahoo.com;'+393454264435;
croce;;f4n1ll4.m4hu@yahoo.com;'+393484607225;
croce;;f4n1ll4.m4hu@yahoo.com;3481763381;
;ascania;b03s.m1l3d4@yahoo.com;3494486749;
sasvari;ferrandina;0lm1-sc4r4l3@gmail.com;'+393459225591;
;guarina;sonia76@hotmail.it;3482470523;
